variable,beta
workclass,-0.7478729918620011
education,-0.05728381645536717
marital,-0.01122493703443008
occupation,-0.023981523970458586
relationship,-0.06510136410591248
race,0.03432524657020241
sex,0.0005000950679113
age,-0.025928650620803552
